{"mean":{"confidence_interval":{"confidence_level":0.95,"lower_bound":247442.52058269686,"upper_bound":571145.6915732865},"point_estimate":382817.35324246937,"standard_error":83997.44950969494},"median":{"confidence_interval":{"confidence_level":0.95,"lower_bound":137803.25925925927,"upper_bound":193886.17777777778},"point_estimate":152315.85027173912,"standard_error":13875.074661677705},"median_abs_dev":{"confidence_interval":{"confidence_level":0.95,"lower_bound":59813.55199107512,"upper_bound":129055.54142047044},"point_estimate":83004.98396148422,"standard_error":16752.556897676546},"slope":{"confidence_interval":{"confidence_level":0.95,"lower_bound":125496.02192715064,"upper_bound":149699.6042083681},"point_estimate":137091.3243960396,"standard_error":6185.784691732386},"std_dev":{"confidence_interval":{"confidence_level":0.95,"lower_bound":279622.07750918856,"upper_bound":1329633.186469813},"point_estimate":841100.3373028622,"standard_error":295659.175368943}}