{"mean":{"confidence_interval":{"confidence_level":0.95,"lower_bound":22079.40354074527,"upper_bound":24126.9965441739},"point_estimate":22852.37376263661,"standard_error":553.1893724656044},"median":{"confidence_interval":{"confidence_level":0.95,"lower_bound":22042.206808510637,"upper_bound":22191.375309252842},"point_estimate":22113.78704407295,"standard_error":39.93421626702089},"median_abs_dev":{"confidence_interval":{"confidence_level":0.95,"lower_bound":214.83837730662364,"upper_bound":382.6130997557562},"point_estimate":309.20269764989644,"standard_error":43.19239555703187},"slope":{"confidence_interval":{"confidence_level":0.95,"lower_bound":21874.78113375617,"upper_bound":21997.62234247059},"point_estimate":21935.31022766932,"standard_error":31.34920629490885},"std_dev":{"confidence_interval":{"confidence_level":0.95,"lower_bound":437.14924932659096,"upper_bound":9171.706957647986},"point_estimate":5529.875695275283,"standard_error":2582.404092257099}}