{"mean":{"confidence_interval":{"confidence_level":0.95,"lower_bound":66.83496378931648,"upper_bound":69.02439071759768},"point_estimate":67.885570415874,"standard_error":0.5595494726643125},"median":{"confidence_interval":{"confidence_level":0.95,"lower_bound":64.93080925505784,"upper_bound":66.27836290048242},"point_estimate":65.46082276946522,"standard_error":0.3076174812654047},"median_abs_dev":{"confidence_interval":{"confidence_level":0.95,"lower_bound":1.4649296033742585,"upper_bound":3.1512385465942034},"point_estimate":2.1027508887780257,"standard_error":0.39101445064334933},"slope":{"confidence_interval":{"confidence_level":0.95,"lower_bound":65.29799347810788,"upper_bound":66.77821764673526},"point_estimate":65.98371531466265,"standard_error":0.37908832336321197},"std_dev":{"confidence_interval":{"confidence_level":0.95,"lower_bound":4.2544583866958,"upper_bound":6.922591908102906},"point_estimate":5.633734543692681,"standard_error":0.6855720113325448}}